item,value,category,payment_method,spending_date,pay_date,installments
Ice Cream (1/1),1.0,Fun,Credit,2026-09-23,2026-10-01,1
Refrigerator (1/10),10.0,Fixed Expenses,Credit,2026-09-23,2026-10-01,10
Refrigerator (2/10),10.0,Fixed Expenses,Credit,2026-09-23,2026-11-01,10
Refrigerator (3/10),10.0,Fixed Expenses,Credit,2026-09-23,2026-12-01,10
Refrigerator (4/10),10.0,Fixed Expenses,Credit,2026-09-23,2027-01-01,10
Refrigerator (5/10),10.0,Fixed Expenses,Credit,2026-09-23,2027-02-01,10
Refrigerator (6/10),10.0,Fixed Expenses,Credit,2026-09-23,2027-03-01,10
Refrigerator (7/10),10.0,Fixed Expenses,Credit,2026-09-23,2027-04-01,10
Refrigerator (8/10),10.0,Fixed Expenses,Credit,2026-09-23,2027-05-01,10
Refrigerator (9/10),10.0,Fixed Expenses,Credit,2026-09-23,2027-06-01,10
Refrigerator (10/10),10.0,Fixed Expenses,Credit,2026-09-23,2027-07-01,10
luch at work (1/1),10.0,Fixed Expenses,Credit,2026-09-24,2026-10-01,1
air conditioner (1/12),8.333333333333334,Fixed Expenses,Credit,2026-09-24,2026-10-01,12
air conditioner (2/12),8.333333333333334,Fixed Expenses,Credit,2026-09-24,2026-11-01,12
air conditioner (3/12),8.333333333333334,Fixed Expenses,Credit,2026-09-24,2026-12-01,12
air conditioner (4/12),8.333333333333334,Fixed Expenses,Credit,2026-09-24,2027-01-01,12
air conditioner (5/12),8.333333333333334,Fixed Expenses,Credit,2026-09-24,2027-02-01,12
air conditioner (6/12),8.333333333333334,Fixed Expenses,Credit,2026-09-24,2027-03-01,12
air conditioner (7/12),8.333333333333334,Fixed Expenses,Credit,2026-09-24,2027-04-01,12
air conditioner (8/12),8.333333333333334,Fixed Expenses,Credit,2026-09-24,2027-05-01,12
air conditioner (9/12),8.333333333333334,Fixed Expenses,Credit,2026-09-24,2027-06-01,12
air conditioner (10/12),8.333333333333334,Fixed Expenses,Credit,2026-09-24,2027-07-01,12
air conditioner (11/12),8.333333333333334,Fixed Expenses,Credit,2026-09-24,2027-08-01,12
air conditioner (12/12),8.333333333333334,Fixed Expenses,Credit,2026-09-24,2027-09-01,12
burger (1/1),5.0,Comfort,Credit,2026-09-24,2026-10-01,1
Shampoo (1/1),2.0,Fixed Expenses,Money,2026-09-22,2026-09-01,1
CS50 course certificate (1/1),100.0,Knowledge,Credit,2026-09-24,2026-10-01,1
Coffee (1/1),3.0,Comfort,Credit,2026-09-24,2026-10-01,1
flight to Rio (1/6),50.0,Goals,Credit,2026-09-24,2026-10-01,6
flight to Rio (2/6),50.0,Goals,Credit,2026-09-24,2026-11-01,6
flight to Rio (3/6),50.0,Goals,Credit,2026-09-24,2026-12-01,6
flight to Rio (4/6),50.0,Goals,Credit,2026-09-24,2027-01-01,6
flight to Rio (5/6),50.0,Goals,Credit,2026-09-24,2027-02-01,6
flight to Rio (6/6),50.0,Goals,Credit,2026-09-24,2027-03-01,6
Gta 6 (1/2),55.0,Fun,Credit,2026-09-24,2026-10-01,2
Gta 6 (2/2),55.0,Fun,Credit,2026-09-24,2026-11-01,2
Brigadeiro (1/1),0.5,Comfort,Credit,2026-09-24,2026-10-01,1
Coke (1/1),2.0,Comfort,Credit,2026-09-25,2026-10-01,1
Cab (1/1),15.0,Comfort,Credit,2026-09-25,2026-10-01,1
Treasury securities (1/1),100.0,Financial Freedom,Credit,2026-09-25,2026-10-01,1
Football match ticket (1/1),30.0,Fun,Credit,2026-09-25,2026-10-01,1
Volleyball ticket (1/1),30.0,Fun,Credit,2026-09-25,2026-10-01,1
Dinner at home (1/1),10.0,Fixed Expenses,Credit,2026-09-25,2026-10-01,1
Spotify subscription (1/1),5.0,Comfort,Credit,2026-09-25,2026-10-01,1
Netflix annual subscription (1/12),12.5,Comfort,Credit,2026-09-25,2026-10-01,12
Netflix annual subscription (2/12),12.5,Comfort,Credit,2026-09-25,2026-11-01,12
Netflix annual subscription (3/12),12.5,Comfort,Credit,2026-09-25,2026-12-01,12
Netflix annual subscription (4/12),12.5,Comfort,Credit,2026-09-25,2027-01-01,12
Netflix annual subscription (5/12),12.5,Comfort,Credit,2026-09-25,2027-02-01,12
Netflix annual subscription (6/12),12.5,Comfort,Credit,2026-09-25,2027-03-01,12
Netflix annual subscription (7/12),12.5,Comfort,Credit,2026-09-25,2027-04-01,12
Netflix annual subscription (8/12),12.5,Comfort,Credit,2026-09-25,2027-05-01,12
Netflix annual subscription (9/12),12.5,Comfort,Credit,2026-09-25,2027-06-01,12
Netflix annual subscription (10/12),12.5,Comfort,Credit,2026-09-25,2027-07-01,12
Netflix annual subscription (11/12),12.5,Comfort,Credit,2026-09-25,2027-08-01,12
Netflix annual subscription (12/12),12.5,Comfort,Credit,2026-09-25,2027-09-01,12
T-shirt (1/1),20.0,Comfort,Debit,2026-09-25,2026-09-01,1
Uber (1/1),20.0,Comfort,Credit,2026-09-25,2026-10-01,1
Lunch at work (1/1),10.0,Fixed Expenses,Credit,2026-09-25,2026-10-01,1
Amazon prime (1/1),7.0,Comfort,Credit,2026-09-25,2026-10-01,1
Subway (1/1),2.0,Comfort,Credit,2026-09-25,2026-10-01,1
Subway (1/1),2.0,Comfort,Credit,2026-09-25,2026-10-01,1
Subway ticket (1/1),2.0,Fixed Expenses,Credit,2026-09-25,2026-10-01,1
Vlt (1/1),2.0,Fixed Expenses,Credit,2026-09-25,2026-10-01,1
Uber (1/1),8.0,Comfort,Credit,2026-09-25,2026-10-01,1
Lunch at work (1/1),10.0,Fixed Expenses,Credit,2026-09-24,2026-10-01,1
Lunch at work (1/1),10.0,Fixed Expenses,Credit,2026-09-24,2026-10-01,1
Lunch at work (1/1),10.0,Fixed Expenses,Credit,2026-09-24,2026-10-01,1
Uber ride (1/1),20.0,Comfort,Credit,2026-07-24,2026-08-01,1
Football match ticket (1/1),70.0,Fun,Credit,2026-06-24,2026-07-01,1
Gift for my fiancée (1/1),80.0,Fixed Expenses,Credit,2026-05-24,2026-06-01,1
Groceries at whole foods (1/1),45.0,Fixed Expenses,Debit,2026-01-03,2026-01-01,1
Groceries at whole foods (1/1),45.0,Fixed Expenses,Debit,2026-01-03,2026-01-01,1
Monthly gym membership (1/1),120.0,Fixed Expenses,Credit,2026-01-09,2026-03-01,1
Lunch with coworkers (1/1),18.0,Fun,Money,2026-09-28,2026-09-01,1
Headphones (1/4),60.0,Comfort,Credit,2026-01-22,2026-03-01,4
Headphones (2/4),60.0,Comfort,Credit,2026-01-22,2026-04-01,4
Headphones (3/4),60.0,Comfort,Credit,2026-01-22,2026-05-01,4
Headphones (4/4),60.0,Comfort,Credit,2026-01-22,2026-06-01,4
Netflix subscription (1/1),15.0,Comfort,Credit,2026-09-29,2026-11-01,1
Rent (1/1),900.0,Fixed Expenses,Debit,2026-02-02,2026-02-01,1
Valentine's dinner (1/1),85.0,Fun,Credit,2026-02-14,2026-04-01,1
Running shoes (1/3),43.33,Comfort,Credit,2026-02-19,2026-04-01,3
Running shoes (2/3),43.33,Comfort,Credit,2026-02-19,2026-05-01,3
Running shoes (3/3),43.33,Comfort,Credit,2026-02-19,2026-06-01,3
Pharmacy (1/1),22.0,Fixed Expenses,Debit,2026-09-29,2026-09-01,1
Electricity bill (1/1),60.0,Fixed Expenses,Debit,2026-03-05,2026-03-01,1
Uber home (1/1),14.0,Comfort,Credit,2026-03-11,2026-05-01,1
Bar with friends (1/1),55.0,Fun,Credit,2026-09-28,2026-11-01,1
Coffee (1/1),4.0,Comfort,Money,2026-09-29,2026-09-01,1
Online english course (1/6),50.0,Knowledge,Credit,2026-03-27,2026-05-01,6
Online english course (2/6),50.0,Knowledge,Credit,2026-03-27,2026-06-01,6
Online english course (3/6),50.0,Knowledge,Credit,2026-03-27,2026-07-01,6
Online english course (4/6),50.0,Knowledge,Credit,2026-03-27,2026-08-01,6
Online english course (5/6),50.0,Knowledge,Credit,2026-03-27,2026-09-01,6
Online english course (6/6),50.0,Knowledge,Credit,2026-03-27,2026-10-01,6
Internet bill (1/1),50.0,Fixed Expenses,Credit,2026-04-01,2026-06-01,1
Movie tickets and popcorn (1/1),35.0,Fun,Debit,2026-04-10,2026-04-01,1
Office chair (1/8),40.0,Comfort,Credit,2026-04-18,2026-06-01,8
Office chair (2/8),40.0,Comfort,Credit,2026-04-18,2026-07-01,8
Office chair (3/8),40.0,Comfort,Credit,2026-04-18,2026-08-01,8
Office chair (4/8),40.0,Comfort,Credit,2026-04-18,2026-09-01,8
Office chair (5/8),40.0,Comfort,Credit,2026-04-18,2026-10-01,8
Office chair (6/8),40.0,Comfort,Credit,2026-04-18,2026-11-01,8
Office chair (7/8),40.0,Comfort,Credit,2026-04-18,2026-12-01,8
Office chair (8/8),40.0,Comfort,Credit,2026-04-18,2027-01-01,8
Bus pass refill (1/1),40.0,Fixed Expenses,Credit,2026-09-29,2026-11-01,1
Car insurance (1/1),200.0,Fixed Expenses,Credit,2026-05-06,2026-07-01,1
Spotify (1/1),11.0,Comfort,Credit,2026-09-29,2026-11-01,1
Sushi restaurant (1/1),95.0,Fun,Money,2026-05-16,2026-05-01,1
Birthday gift for my mom (1/2),35.0,Comfort,Credit,2026-05-29,2026-07-01,2
Birthday gift for my mom (2/2),35.0,Comfort,Credit,2026-05-29,2026-08-01,2
Uber to the airport (1/1),38.0,Comfort,Credit,2026-09-29,2026-11-01,1
Rent (1/1),900.0,Fixed Expenses,Money,2026-06-04,2026-06-01,1
Concert tickets (1/3),50.0,Fun,Credit,2026-06-13,2026-08-01,3
Concert tickets (2/3),50.0,Fun,Credit,2026-06-13,2026-09-01,3
Concert tickets (3/3),50.0,Fun,Credit,2026-06-13,2026-10-01,3
Supermarket run (1/1),110.0,Fixed Expenses,Debit,2026-06-21,2026-06-01,1
Phone plan (1/1),60.0,Fixed Expenses,Credit,2026-07-02,2026-09-01,1
Sunglasses (1/2),45.0,Comfort,Credit,2026-07-12,2026-09-01,2
Sunglasses (2/2),45.0,Comfort,Credit,2026-07-12,2026-10-01,2
Pizza delivery with friends (1/1),32.0,Fun,Debit,2026-09-29,2026-09-01,1
Rent (1/1),900.0,Fixed Expenses,Debit,2026-08-08,2026-08-01,1
Internet bill (1/1),50.0,Fixed Expenses,Credit,2026-04-01,2026-06-01,1
Internet bill (1/1),50.0,Fixed Expenses,Credit,2026-04-01,2026-06-01,1
Internet bill (1/1),50.0,Fixed Expenses,Credit,2026-04-01,2026-05-01,1
Internet bill (1/1),50.0,Fixed Expenses,Credit,2026-05-01,2026-06-01,1
Uber (1/1),10.0,Comfort,Credit,2026-09-30,2026-11-01,1
Lunch at work (1/1),20.0,Fixed Expenses,Credit,2026-09-29,2026-11-01,1
Dinner at home (1/1),20.0,Fixed Expenses,Credit,2026-09-30,2026-11-01,1
Internet bill (1/1),50.0,Fixed Expenses,Credit,2026-04-01,2026-05-01,1
Internet bill (1/1),50.0,Fixed Expenses,Credit,2026-04-01,2026-05-01,1
Uber (1/1),10.0,Comfort,Credit,2026-09-30,2026-11-01,1
Internet bill (1/1),50.0,Fixed Expenses,Credit,2026-02-01,2026-03-01,1
Uber (1/1),10.0,Comfort,Credit,2026-09-30,2026-11-01,1
Lunch at work (1/1),20.0,Fixed Expenses,Credit,2026-09-29,2026-11-01,1
Lunch with friends (1/1),15.0,Fun,Credit,2026-09-23,2026-10-01,1
New laptop (1/10),100.0,Goals,Credit,2026-09-30,2026-11-01,10
New laptop (2/10),100.0,Goals,Credit,2026-09-30,2026-12-01,10
New laptop (3/10),100.0,Goals,Credit,2026-09-30,2027-01-01,10
New laptop (4/10),100.0,Goals,Credit,2026-09-30,2027-02-01,10
New laptop (5/10),100.0,Goals,Credit,2026-09-30,2027-03-01,10
New laptop (6/10),100.0,Goals,Credit,2026-09-30,2027-04-01,10
New laptop (7/10),100.0,Goals,Credit,2026-09-30,2027-05-01,10
New laptop (8/10),100.0,Goals,Credit,2026-09-30,2027-06-01,10
New laptop (9/10),100.0,Goals,Credit,2026-09-30,2027-07-01,10
New laptop (10/10),100.0,Goals,Credit,2026-09-30,2027-08-01,10
Ice cream (1/1),2.0,Fun,Money,2026-09-30,2026-09-01,1
New fan for bedroom (1/1),80.0,Fixed Expenses,Debit,2026-09-30,2026-09-01,1
Internet bill (1/1),50.0,Fixed Expenses,Credit,2026-01-01,2026-02-01,1
Uber (1/1),10.0,Comfort,Credit,2026-09-30,2026-11-01,1
Uber to work (1/1),10.15,Comfort,Credit,2026-09-30,2026-11-01,1
Internet bill (1/1),50.0,Fixed Expenses,Credit,2026-07-01,2026-08-01,1
Uber (1/1),10.0,Comfort,Credit,2026-09-29,2026-11-01,1
New laptop (1/10),100.0,Fixed Expenses,Credit,2026-08-15,2026-09-01,10
New laptop (2/10),100.0,Fixed Expenses,Credit,2026-08-15,2026-10-01,10
New laptop (3/10),100.0,Fixed Expenses,Credit,2026-08-15,2026-11-01,10
New laptop (4/10),100.0,Fixed Expenses,Credit,2026-08-15,2026-12-01,10
New laptop (5/10),100.0,Fixed Expenses,Credit,2026-08-15,2027-01-01,10
New laptop (6/10),100.0,Fixed Expenses,Credit,2026-08-15,2027-02-01,10
New laptop (7/10),100.0,Fixed Expenses,Credit,2026-08-15,2027-03-01,10
New laptop (8/10),100.0,Fixed Expenses,Credit,2026-08-15,2027-04-01,10
New laptop (9/10),100.0,Fixed Expenses,Credit,2026-08-15,2027-05-01,10
New laptop (10/10),100.0,Fixed Expenses,Credit,2026-08-15,2027-06-01,10
